path	status
ems_success	pass
ems_failure	pass
police_success	pass
water_no_help	pass
unrelated_questions	pass
random_conversation	pass
neel_direct	fail
neel_misdirection	fail
neel_professor_questions	fail
neel_tap	fail
neel_tap_reverse	fail
neel_tap_late	fail
neel_rewire	fail
neel_rewire_late	pass
neel_patience	pass
neel_arnab_patience	pass
neel_bela_1031	fail
neel_bela_1032	fail
neel_bela_1032_questions	fail
neel_arnab_unrelated_questions	fail
dirty_good	pass
dirty_neutral	pass
dirty_bad	pass
nahid_police_success	pass
nahid_five_scams	pass
cross_thread_nahid	pass
